log_id,timestamp,user_id,action,details,ip_address
LOG000001,2025-12-29 23:03:34,U0007,Login,"{""status"": ""success"", ""resource_id"": ""RES390""}",192.168.1.206
LOG000002,2025-12-14 11:47:34,U0009,Create Claim,"{""status"": ""success"", ""resource_id"": ""RES199""}",192.168.1.88
LOG000003,2025-12-14 06:22:34,U0008,Generate Letter,"{""status"": ""success"", ""resource_id"": ""RES257""}",192.168.1.147
LOG000004,2026-02-01 21:53:34,U0002,Delete Claim,"{""status"": ""success"", ""resource_id"": ""RES217""}",192.168.1.7
LOG000005,2025-12-31 20:43:34,U0003,Delete Claim,"{""status"": ""success"", ""resource_id"": ""RES821""}",192.168.1.5
LOG000006,2026-02-25 05:27:34,U0007,Update Claim,"{""status"": ""success"", ""resource_id"": ""RES531""}",192.168.1.12
LOG000007,2026-02-16 12:54:34,U0003,Update User,"{""status"": ""success"", ""resource_id"": ""RES994""}",192.168.1.50
LOG000008,2026-02-13 23:47:34,U0002,Update Inventory,"{""status"": ""success"", ""resource_id"": ""RES434""}",192.168.1.93
LOG000009,2026-02-22 10:41:34,U0002,Delete Claim,"{""status"": ""success"", ""resource_id"": ""RES698""}",192.168.1.223
LOG000010,2026-02-09 04:53:34,U0009,Login,"{""status"": ""success"", ""resource_id"": ""RES980""}",192.168.1.247
LOG000011,2026-02-03 14:27:34,U0001,Update Inventory,"{""status"": ""success"", ""resource_id"": ""RES811""}",192.168.1.79
LOG000012,2026-01-24 08:55:34,U0003,Add User,"{""status"": ""success"", ""resource_id"": ""RES654""}",192.168.1.83
LOG000013,2026-02-06 13:56:34,U0004,Add User,"{""status"": ""success"", ""resource_id"": ""RES282""}",192.168.1.139
LOG000014,2025-12-23 02:45:34,U0003,Reject Claim,"{""status"": ""success"", ""resource_id"": ""RES632""}",192.168.1.36
LOG000015,2026-01-23 16:26:34,U0004,Add Inventory,"{""status"": ""success"", ""resource_id"": ""RES704""}",192.168.1.72
LOG000016,2026-01-07 21:40:34,U0005,Logout,"{""status"": ""success"", ""resource_id"": ""RES996""}",192.168.1.110
LOG000017,2026-01-19 11:49:34,U0004,Delete Claim,"{""status"": ""success"", ""resource_id"": ""RES950""}",192.168.1.116
LOG000018,2025-12-23 11:00:34,U0006,Update Claim,"{""status"": ""success"", ""resource_id"": ""RES943""}",192.168.1.138
LOG000019,2025-12-15 21:50:34,U0009,Add User,"{""status"": ""success"", ""resource_id"": ""RES212""}",192.168.1.64
LOG000020,2026-01-05 11:52:34,U0010,Login,"{""status"": ""success"", ""resource_id"": ""RES316""}",192.168.1.81
LOG000021,2025-12-29 07:13:34,U0010,Update Claim,"{""status"": ""success"", ""resource_id"": ""RES885""}",192.168.1.28
LOG000022,2026-01-05 19:59:34,U0010,Export Report,"{""status"": ""success"", ""resource_id"": ""RES851""}",192.168.1.40
LOG000023,2025-12-22 19:34:34,U0005,Add Inventory,"{""status"": ""success"", ""resource_id"": ""RES725""}",192.168.1.169
LOG000024,2026-02-26 18:10:34,U0008,Logout,"{""status"": ""success"", ""resource_id"": ""RES847""}",192.168.1.204
LOG000025,2026-01-16 16:41:34,U0003,Update User,"{""status"": ""success"", ""resource_id"": ""RES769""}",192.168.1.152
LOG000026,2026-01-13 03:56:34,U0010,Add Inventory,"{""status"": ""success"", ""resource_id"": ""RES486""}",192.168.1.240
LOG000027,2026-02-26 02:46:34,U0008,Logout,"{""status"": ""success"", ""resource_id"": ""RES385""}",192.168.1.169
LOG000028,2026-02-17 02:43:34,U0006,Logout,"{""status"": ""success"", ""resource_id"": ""RES352""}",192.168.1.149
LOG000029,2026-02-10 07:12:34,U0008,Logout,"{""status"": ""success"", ""resource_id"": ""RES781""}",192.168.1.233
LOG000030,2025-12-12 07:50:34,U0002,Generate Letter,"{""status"": ""success"", ""resource_id"": ""RES827""}",192.168.1.126
LOG000031,2026-03-04 16:52:34,U0003,Reject Claim,"{""status"": ""success"", ""resource_id"": ""RES716""}",192.168.1.136
LOG000032,2025-12-24 08:46:34,U0005,Approve Claim,"{""status"": ""success"", ""resource_id"": ""RES331""}",192.168.1.67
LOG000033,2026-02-17 06:10:34,U0004,Delete Claim,"{""status"": ""success"", ""resource_id"": ""RES372""}",192.168.1.169
LOG000034,2026-01-16 04:22:34,U0006,Export Report,"{""status"": ""success"", ""resource_id"": ""RES426""}",192.168.1.79
LOG000035,2026-02-12 06:49:34,U0008,Add User,"{""status"": ""success"", ""resource_id"": ""RES437""}",192.168.1.254
LOG000036,2025-12-14 01:05:34,U0008,Update Inventory,"{""status"": ""success"", ""resource_id"": ""RES154""}",192.168.1.133
LOG000037,2026-02-13 00:02:34,U0007,Update User,"{""status"": ""success"", ""resource_id"": ""RES591""}",192.168.1.166
LOG000038,2026-01-25 20:38:34,U0002,Add User,"{""status"": ""success"", ""resource_id"": ""RES978""}",192.168.1.166
LOG000039,2025-12-24 16:16:34,U0002,Export Report,"{""status"": ""success"", ""resource_id"": ""RES101""}",192.168.1.42
LOG000040,2026-02-02 02:47:34,U0004,Approve Claim,"{""status"": ""success"", ""resource_id"": ""RES712""}",192.168.1.57
LOG000041,2026-03-07 13:06:34,U0006,Approve Claim,"{""status"": ""success"", ""resource_id"": ""RES164""}",192.168.1.147
LOG000042,2025-12-20 19:47:34,U0008,Reject Claim,"{""status"": ""success"", ""resource_id"": ""RES687""}",192.168.1.46
LOG000043,2026-01-28 10:39:34,U0004,Login,"{""status"": ""success"", ""resource_id"": ""RES875""}",192.168.1.49
LOG000044,2026-02-22 10:45:34,U0002,Reject Claim,"{""status"": ""success"", ""resource_id"": ""RES831""}",192.168.1.135
LOG000045,2026-01-20 19:21:34,U0003,Update Inventory,"{""status"": ""success"", ""resource_id"": ""RES181""}",192.168.1.64
LOG000046,2026-01-23 13:20:34,U0010,Logout,"{""status"": ""success"", ""resource_id"": ""RES220""}",192.168.1.226
LOG000047,2026-02-15 10:37:34,U0005,Approve Claim,"{""status"": ""success"", ""resource_id"": ""RES577""}",192.168.1.160
LOG000048,2026-01-30 12:53:34,U0005,Generate Letter,"{""status"": ""success"", ""resource_id"": ""RES634""}",192.168.1.201
LOG000049,2026-02-24 21:27:34,U0002,Delete Claim,"{""status"": ""success"", ""resource_id"": ""RES109""}",192.168.1.181
LOG000050,2026-02-14 23:50:34,U0009,Logout,"{""status"": ""success"", ""resource_id"": ""RES462""}",192.168.1.84
LOG000051,2025-12-14 23:16:34,U0005,Delete Claim,"{""status"": ""success"", ""resource_id"": ""RES552""}",192.168.1.90
LOG000052,2026-01-04 07:59:34,U0005,Export Report,"{""status"": ""success"", ""resource_id"": ""RES375""}",192.168.1.8
LOG000053,2026-02-03 02:06:34,U0001,Logout,"{""status"": ""success"", ""resource_id"": ""RES264""}",192.168.1.168
LOG000054,2026-03-04 18:39:34,U0004,Add Inventory,"{""status"": ""success"", ""resource_id"": ""RES147""}",192.168.1.58
LOG000055,2026-02-27 21:01:34,U0009,Create Claim,"{""status"": ""success"", ""resource_id"": ""RES906""}",192.168.1.73
LOG000056,2026-01-25 22:03:34,U0007,Update Inventory,"{""status"": ""success"", ""resource_id"": ""RES799""}",192.168.1.204
LOG000057,2026-01-21 05:23:34,U0005,Update Claim,"{""status"": ""success"", ""resource_id"": ""RES858""}",192.168.1.136
LOG000058,2025-12-09 21:39:34,U0005,Logout,"{""status"": ""success"", ""resource_id"": ""RES451""}",192.168.1.237
LOG000059,2026-02-18 00:53:34,U0001,Add Inventory,"{""status"": ""success"", ""resource_id"": ""RES207""}",192.168.1.138
LOG000060,2026-03-05 13:20:34,U0004,Logout,"{""status"": ""success"", ""resource_id"": ""RES725""}",192.168.1.113
LOG000061,2026-01-08 01:15:34,U0009,Logout,"{""status"": ""success"", ""resource_id"": ""RES492""}",192.168.1.104
LOG000062,2026-02-19 04:06:34,U0009,Reject Claim,"{""status"": ""success"", ""resource_id"": ""RES872""}",192.168.1.17
LOG000063,2025-12-11 19:35:34,U0006,Logout,"{""status"": ""success"", ""resource_id"": ""RES619""}",192.168.1.145
LOG000064,2026-02-28 15:32:34,U0001,Generate Letter,"{""status"": ""success"", ""resource_id"": ""RES621""}",192.168.1.52
LOG000065,2026-01-25 17:35:34,U0007,Logout,"{""status"": ""success"", ""resource_id"": ""RES641""}",192.168.1.74
LOG000066,2026-01-07 17:01:34,U0006,Delete Claim,"{""status"": ""success"", ""resource_id"": ""RES531""}",192.168.1.119
LOG000067,2026-02-15 09:06:34,U0002,Add Inventory,"{""status"": ""success"", ""resource_id"": ""RES654""}",192.168.1.168
LOG000068,2026-01-23 17:52:34,U0004,Logout,"{""status"": ""success"", ""resource_id"": ""RES754""}",192.168.1.221
LOG000069,2026-02-18 14:10:34,U0005,Update Claim,"{""status"": ""success"", ""resource_id"": ""RES923""}",192.168.1.192
LOG000070,2026-02-18 20:52:34,U0005,Export Report,"{""status"": ""success"", ""resource_id"": ""RES595""}",192.168.1.181
LOG000071,2026-02-28 16:35:34,U0006,Add Inventory,"{""status"": ""success"", ""resource_id"": ""RES677""}",192.168.1.197
LOG000072,2026-02-15 01:44:34,U0009,Generate Letter,"{""status"": ""success"", ""resource_id"": ""RES768""}",192.168.1.207
LOG000073,2025-12-21 18:48:34,U0007,Update User,"{""status"": ""success"", ""resource_id"": ""RES684""}",192.168.1.180
LOG000074,2025-12-28 19:02:34,U0004,Login,"{""status"": ""success"", ""resource_id"": ""RES273""}",192.168.1.109
LOG000075,2026-02-27 02:01:34,U0008,Add User,"{""status"": ""success"", ""resource_id"": ""RES184""}",192.168.1.74
LOG000076,2026-02-27 19:39:34,U0006,Update Inventory,"{""status"": ""success"", ""resource_id"": ""RES963""}",192.168.1.215
LOG000077,2026-02-19 01:22:34,U0010,Add User,"{""status"": ""success"", ""resource_id"": ""RES451""}",192.168.1.203
LOG000078,2026-03-07 07:26:34,U0001,Update Claim,"{""status"": ""success"", ""resource_id"": ""RES124""}",192.168.1.212
LOG000079,2025-12-19 23:21:34,U0002,Export Report,"{""status"": ""success"", ""resource_id"": ""RES337""}",192.168.1.251
LOG000080,2025-12-18 01:05:34,U0006,Reject Claim,"{""status"": ""success"", ""resource_id"": ""RES475""}",192.168.1.98
LOG000081,2026-01-01 14:37:34,U0001,Export Report,"{""status"": ""success"", ""resource_id"": ""RES444""}",192.168.1.214
LOG000082,2026-02-11 16:36:34,U0003,Generate Letter,"{""status"": ""success"", ""resource_id"": ""RES749""}",192.168.1.149
LOG000083,2025-12-22 10:12:34,U0003,Add Inventory,"{""status"": ""success"", ""resource_id"": ""RES571""}",192.168.1.139
LOG000084,2026-02-26 07:28:34,U0006,Delete Claim,"{""status"": ""success"", ""resource_id"": ""RES678""}",192.168.1.251
LOG000085,2026-02-16 07:33:34,U0002,Login,"{""status"": ""success"", ""resource_id"": ""RES667""}",192.168.1.173
LOG000086,2025-12-23 02:35:34,U0001,Delete Claim,"{""status"": ""success"", ""resource_id"": ""RES761""}",192.168.1.254
LOG000087,2026-02-12 21:59:34,U0006,Update Claim,"{""status"": ""success"", ""resource_id"": ""RES522""}",192.168.1.50
LOG000088,2026-01-28 12:00:34,U0004,Login,"{""status"": ""success"", ""resource_id"": ""RES651""}",192.168.1.70
LOG000089,2026-01-31 17:44:34,U0003,Export Report,"{""status"": ""success"", ""resource_id"": ""RES507""}",192.168.1.32
LOG000090,2026-02-27 12:20:34,U0007,Approve Claim,"{""status"": ""success"", ""resource_id"": ""RES678""}",192.168.1.178
LOG000091,2025-12-11 21:12:34,U0006,Add User,"{""status"": ""success"", ""resource_id"": ""RES766""}",192.168.1.195
LOG000092,2026-01-17 17:47:34,U0008,Add Inventory,"{""status"": ""success"", ""resource_id"": ""RES340""}",192.168.1.92
LOG000093,2025-12-21 19:46:34,U0007,Approve Claim,"{""status"": ""success"", ""resource_id"": ""RES451""}",192.168.1.59
LOG000094,2026-02-12 15:15:34,U0001,Delete Claim,"{""status"": ""success"", ""resource_id"": ""RES146""}",192.168.1.76
LOG000095,2026-01-04 22:19:34,U0001,Generate Letter,"{""status"": ""success"", ""resource_id"": ""RES256""}",192.168.1.63
LOG000096,2026-02-05 02:46:34,U0007,Reject Claim,"{""status"": ""success"", ""resource_id"": ""RES741""}",192.168.1.90
LOG000097,2026-01-11 04:36:34,U0001,Reject Claim,"{""status"": ""success"", ""resource_id"": ""RES852""}",192.168.1.246
LOG000098,2026-03-03 21:49:34,U0005,Update Claim,"{""status"": ""success"", ""resource_id"": ""RES496""}",192.168.1.106
LOG000099,2026-01-04 12:05:34,U0008,Generate Letter,"{""status"": ""success"", ""resource_id"": ""RES801""}",192.168.1.55
LOG000100,2026-03-08 21:49:34,U0010,Update Inventory,"{""status"": ""success"", ""resource_id"": ""RES490""}",192.168.1.17
LOG000101,2025-12-22 18:40:34,U0002,Login,"{""status"": ""success"", ""resource_id"": ""RES974""}",192.168.1.85
LOG000102,2026-02-13 10:34:34,U0006,Update Inventory,"{""status"": ""success"", ""resource_id"": ""RES401""}",192.168.1.96
LOG000103,2026-02-23 00:43:34,U0009,Update Inventory,"{""status"": ""success"", ""resource_id"": ""RES318""}",192.168.1.157
LOG000104,2025-12-22 09:11:34,U0009,Update User,"{""status"": ""success"", ""resource_id"": ""RES852""}",192.168.1.180
LOG000105,2026-01-24 19:38:34,U0010,Add User,"{""status"": ""success"", ""resource_id"": ""RES806""}",192.168.1.75
LOG000106,2026-03-07 15:36:34,U0008,Login,"{""status"": ""success"", ""resource_id"": ""RES429""}",192.168.1.252
LOG000107,2026-02-06 17:48:34,U0010,Update User,"{""status"": ""success"", ""resource_id"": ""RES943""}",192.168.1.230
LOG000108,2026-01-14 15:13:34,U0006,Generate Letter,"{""status"": ""success"", ""resource_id"": ""RES469""}",192.168.1.14
LOG000109,2025-12-09 12:16:34,U0002,Add Inventory,"{""status"": ""success"", ""resource_id"": ""RES398""}",192.168.1.202
LOG000110,2026-01-18 09:25:34,U0009,Logout,"{""status"": ""success"", ""resource_id"": ""RES943""}",192.168.1.135
LOG000111,2026-01-29 18:31:34,U0002,Reject Claim,"{""status"": ""success"", ""resource_id"": ""RES582""}",192.168.1.4
LOG000112,2025-12-26 06:24:34,U0008,Approve Claim,"{""status"": ""success"", ""resource_id"": ""RES730""}",192.168.1.253
LOG000113,2025-12-20 15:13:34,U0006,Approve Claim,"{""status"": ""success"", ""resource_id"": ""RES736""}",192.168.1.68
LOG000114,2025-12-16 05:28:34,U0009,Update Inventory,"{""status"": ""success"", ""resource_id"": ""RES100""}",192.168.1.46
LOG000115,2026-01-02 11:06:34,U0008,Delete Claim,"{""status"": ""success"", ""resource_id"": ""RES734""}",192.168.1.51
LOG000116,2025-12-24 01:44:34,U0008,Update User,"{""status"": ""success"", ""resource_id"": ""RES141""}",192.168.1.168
LOG000117,2026-01-20 11:30:34,U0003,Approve Claim,"{""status"": ""success"", ""resource_id"": ""RES830""}",192.168.1.249
LOG000118,2026-02-01 14:57:34,U0001,Approve Claim,"{""status"": ""success"", ""resource_id"": ""RES887""}",192.168.1.94
LOG000119,2026-02-21 03:43:34,U0002,Logout,"{""status"": ""success"", ""resource_id"": ""RES427""}",192.168.1.164
LOG000120,2026-01-25 05:24:34,U0009,Logout,"{""status"": ""success"", ""resource_id"": ""RES591""}",192.168.1.58
LOG000121,2026-02-28 14:13:34,U0004,Add User,"{""status"": ""success"", ""resource_id"": ""RES183""}",192.168.1.136
LOG000122,2025-12-22 11:33:34,U0003,Reject Claim,"{""status"": ""success"", ""resource_id"": ""RES516""}",192.168.1.54
LOG000123,2026-02-24 17:49:34,U0006,Export Report,"{""status"": ""success"", ""resource_id"": ""RES930""}",192.168.1.169
LOG000124,2026-01-17 10:03:34,U0010,Add User,"{""status"": ""success"", ""resource_id"": ""RES495""}",192.168.1.142
LOG000125,2026-01-14 21:41:34,U0004,Update User,"{""status"": ""success"", ""resource_id"": ""RES823""}",192.168.1.82
LOG000126,2025-12-09 01:53:34,U0008,Logout,"{""status"": ""success"", ""resource_id"": ""RES755""}",192.168.1.190
LOG000127,2026-02-18 01:45:34,U0004,Logout,"{""status"": ""success"", ""resource_id"": ""RES828""}",192.168.1.100
LOG000128,2026-01-18 04:13:34,U0010,Create Claim,"{""status"": ""success"", ""resource_id"": ""RES671""}",192.168.1.56
LOG000129,2026-02-04 16:48:34,U0006,Login,"{""status"": ""success"", ""resource_id"": ""RES873""}",192.168.1.120
LOG000130,2026-02-04 11:44:34,U0008,Export Report,"{""status"": ""success"", ""resource_id"": ""RES817""}",192.168.1.162
LOG000131,2025-12-16 06:54:34,U0004,Login,"{""status"": ""success"", ""resource_id"": ""RES835""}",192.168.1.151
LOG000132,2026-02-27 09:36:34,U0007,Add Inventory,"{""status"": ""success"", ""resource_id"": ""RES525""}",192.168.1.143
LOG000133,2025-12-27 08:53:34,U0005,Logout,"{""status"": ""success"", ""resource_id"": ""RES186""}",192.168.1.115
LOG000134,2025-12-28 14:35:34,U0006,Export Report,"{""status"": ""success"", ""resource_id"": ""RES296""}",192.168.1.193
LOG000135,2026-01-22 12:57:34,U0003,Logout,"{""status"": ""success"", ""resource_id"": ""RES133""}",192.168.1.45
LOG000136,2025-12-26 22:16:34,U0008,Export Report,"{""status"": ""success"", ""resource_id"": ""RES532""}",192.168.1.124
LOG000137,2026-02-01 09:01:34,U0001,Login,"{""status"": ""success"", ""resource_id"": ""RES457""}",192.168.1.106
LOG000138,2026-02-09 23:06:34,U0003,Logout,"{""status"": ""success"", ""resource_id"": ""RES346""}",192.168.1.125
LOG000139,2026-01-05 11:06:34,U0006,Update Inventory,"{""status"": ""success"", ""resource_id"": ""RES487""}",192.168.1.70
LOG000140,2026-02-26 19:08:34,U0008,Generate Letter,"{""status"": ""success"", ""resource_id"": ""RES905""}",192.168.1.150
LOG000141,2026-02-13 10:51:34,U0006,Export Report,"{""status"": ""success"", ""resource_id"": ""RES474""}",192.168.1.86
LOG000142,2026-01-06 02:09:34,U0009,Approve Claim,"{""status"": ""success"", ""resource_id"": ""RES413""}",192.168.1.124
LOG000143,2026-01-03 11:57:34,U0010,Update User,"{""status"": ""success"", ""resource_id"": ""RES928""}",192.168.1.222
LOG000144,2026-03-07 02:17:34,U0001,Logout,"{""status"": ""success"", ""resource_id"": ""RES223""}",192.168.1.42
LOG000145,2025-12-26 19:55:34,U0003,Add Inventory,"{""status"": ""success"", ""resource_id"": ""RES960""}",192.168.1.20
LOG000146,2026-01-27 23:49:34,U0005,Add Inventory,"{""status"": ""success"", ""resource_id"": ""RES603""}",192.168.1.106
LOG000147,2026-01-20 21:39:34,U0001,Export Report,"{""status"": ""success"", ""resource_id"": ""RES827""}",192.168.1.8
LOG000148,2026-01-24 09:26:34,U0010,Generate Letter,"{""status"": ""success"", ""resource_id"": ""RES676""}",192.168.1.5
LOG000149,2026-03-01 10:24:34,U0005,Delete Claim,"{""status"": ""success"", ""resource_id"": ""RES652""}",192.168.1.24
LOG000150,2026-01-13 23:26:34,U0010,Create Claim,"{""status"": ""success"", ""resource_id"": ""RES548""}",192.168.1.140
LOG000151,2026-01-30 19:50:34,U0001,Generate Letter,"{""status"": ""success"", ""resource_id"": ""RES134""}",192.168.1.204
LOG000152,2025-12-25 04:38:34,U0009,Approve Claim,"{""status"": ""success"", ""resource_id"": ""RES104""}",192.168.1.40
LOG000153,2026-01-03 03:51:34,U0001,Export Report,"{""status"": ""success"", ""resource_id"": ""RES902""}",192.168.1.123
LOG000154,2026-01-19 19:33:34,U0003,Approve Claim,"{""status"": ""success"", ""resource_id"": ""RES620""}",192.168.1.157
LOG000155,2025-12-16 02:57:34,U0007,Delete Claim,"{""status"": ""success"", ""resource_id"": ""RES575""}",192.168.1.94
LOG000156,2026-02-14 12:30:34,U0006,Create Claim,"{""status"": ""success"", ""resource_id"": ""RES961""}",192.168.1.194
LOG000157,2026-02-05 18:32:34,U0009,Update User,"{""status"": ""success"", ""resource_id"": ""RES622""}",192.168.1.5
LOG000158,2026-02-17 07:02:34,U0009,Update Inventory,"{""status"": ""success"", ""resource_id"": ""RES371""}",192.168.1.68
LOG000159,2026-02-26 14:59:34,U0007,Logout,"{""status"": ""success"", ""resource_id"": ""RES420""}",192.168.1.160
LOG000160,2026-02-07 21:56:34,U0009,Create Claim,"{""status"": ""success"", ""resource_id"": ""RES712""}",192.168.1.130
LOG000161,2026-01-08 04:05:34,U0001,Export Report,"{""status"": ""success"", ""resource_id"": ""RES127""}",192.168.1.140
LOG000162,2026-01-09 17:26:34,U0004,Add User,"{""status"": ""success"", ""resource_id"": ""RES193""}",192.168.1.163
LOG000163,2026-01-14 11:02:34,U0004,Reject Claim,"{""status"": ""success"", ""resource_id"": ""RES277""}",192.168.1.171
LOG000164,2026-03-02 01:13:34,U0003,Export Report,"{""status"": ""success"", ""resource_id"": ""RES956""}",192.168.1.17
LOG000165,2026-01-14 21:38:34,U0001,Delete Claim,"{""status"": ""success"", ""resource_id"": ""RES691""}",192.168.1.231
LOG000166,2026-02-14 22:42:34,U0004,Reject Claim,"{""status"": ""success"", ""resource_id"": ""RES377""}",192.168.1.26
LOG000167,2026-01-20 22:05:34,U0006,Generate Letter,"{""status"": ""success"", ""resource_id"": ""RES387""}",192.168.1.89
LOG000168,2025-12-15 05:03:34,U0002,Update Claim,"{""status"": ""success"", ""resource_id"": ""RES427""}",192.168.1.206
LOG000169,2026-01-09 05:24:34,U0005,Add User,"{""status"": ""success"", ""resource_id"": ""RES231""}",192.168.1.27
LOG000170,2026-01-03 07:20:34,U0007,Logout,"{""status"": ""success"", ""resource_id"": ""RES603""}",192.168.1.81
LOG000171,2025-12-19 13:02:34,U0007,Reject Claim,"{""status"": ""success"", ""resource_id"": ""RES331""}",192.168.1.113
LOG000172,2026-03-03 01:18:34,U0001,Generate Letter,"{""status"": ""success"", ""resource_id"": ""RES439""}",192.168.1.191
LOG000173,2025-12-17 21:13:34,U0002,Export Report,"{""status"": ""success"", ""resource_id"": ""RES407""}",192.168.1.72
LOG000174,2026-02-14 05:43:34,U0002,Approve Claim,"{""status"": ""success"", ""resource_id"": ""RES897""}",192.168.1.114
LOG000175,2026-01-03 15:33:34,U0008,Add Inventory,"{""status"": ""success"", ""resource_id"": ""RES955""}",192.168.1.64
LOG000176,2026-01-27 00:47:34,U0009,Export Report,"{""status"": ""success"", ""resource_id"": ""RES142""}",192.168.1.154
LOG000177,2026-01-31 17:26:34,U0008,Update User,"{""status"": ""success"", ""resource_id"": ""RES848""}",192.168.1.170
LOG000178,2025-12-10 21:26:34,U0007,Approve Claim,"{""status"": ""success"", ""resource_id"": ""RES141""}",192.168.1.232
LOG000179,2025-12-13 10:24:34,U0005,Export Report,"{""status"": ""success"", ""resource_id"": ""RES920""}",192.168.1.202
LOG000180,2025-12-18 04:16:34,U0008,Update Claim,"{""status"": ""success"", ""resource_id"": ""RES568""}",192.168.1.196
LOG000181,2026-01-18 08:27:34,U0003,Export Report,"{""status"": ""success"", ""resource_id"": ""RES245""}",192.168.1.29
LOG000182,2026-02-17 15:20:34,U0001,Login,"{""status"": ""success"", ""resource_id"": ""RES699""}",192.168.1.68
LOG000183,2026-01-26 18:52:34,U0003,Login,"{""status"": ""success"", ""resource_id"": ""RES125""}",192.168.1.97
LOG000184,2025-12-09 03:11:34,U0005,Reject Claim,"{""status"": ""success"", ""resource_id"": ""RES484""}",192.168.1.49
LOG000185,2025-12-30 08:49:34,U0001,Create Claim,"{""status"": ""success"", ""resource_id"": ""RES129""}",192.168.1.150
LOG000186,2026-01-15 00:44:34,U0007,Reject Claim,"{""status"": ""success"", ""resource_id"": ""RES582""}",192.168.1.48
LOG000187,2026-02-06 13:35:34,U0009,Logout,"{""status"": ""success"", ""resource_id"": ""RES806""}",192.168.1.136
LOG000188,2026-02-19 06:12:34,U0010,Login,"{""status"": ""success"", ""resource_id"": ""RES408""}",192.168.1.111
LOG000189,2026-02-20 07:46:34,U0007,Approve Claim,"{""status"": ""success"", ""resource_id"": ""RES595""}",192.168.1.115
LOG000190,2025-12-26 02:24:34,U0010,Add Inventory,"{""status"": ""success"", ""resource_id"": ""RES927""}",192.168.1.154
LOG000191,2026-01-12 03:16:34,U0008,Update Claim,"{""status"": ""success"", ""resource_id"": ""RES333""}",192.168.1.207
LOG000192,2026-03-06 04:29:34,U0002,Add Inventory,"{""status"": ""success"", ""resource_id"": ""RES197""}",192.168.1.251
LOG000193,2026-02-02 08:34:34,U0004,Update User,"{""status"": ""success"", ""resource_id"": ""RES977""}",192.168.1.99
LOG000194,2026-03-04 07:37:34,U0008,Login,"{""status"": ""success"", ""resource_id"": ""RES695""}",192.168.1.14
LOG000195,2026-02-24 01:21:34,U0009,Logout,"{""status"": ""success"", ""resource_id"": ""RES736""}",192.168.1.237
LOG000196,2026-02-02 22:15:34,U0001,Approve Claim,"{""status"": ""success"", ""resource_id"": ""RES142""}",192.168.1.54
LOG000197,2025-12-17 17:21:34,U0002,Reject Claim,"{""status"": ""success"", ""resource_id"": ""RES260""}",192.168.1.92
LOG000198,2026-01-28 21:34:34,U0010,Create Claim,"{""status"": ""success"", ""resource_id"": ""RES319""}",192.168.1.59
LOG000199,2026-03-02 16:25:34,U0007,Reject Claim,"{""status"": ""success"", ""resource_id"": ""RES358""}",192.168.1.21
LOG000200,2026-01-07 22:43:34,U0006,Update User,"{""status"": ""success"", ""resource_id"": ""RES733""}",192.168.1.149
LOG000201,2026-02-14 01:52:34,U0001,Login,"{""status"": ""success"", ""resource_id"": ""RES533""}",192.168.1.69
LOG000202,2026-02-16 20:34:34,U0002,Create Claim,"{""status"": ""success"", ""resource_id"": ""RES477""}",192.168.1.208
LOG000203,2025-12-21 16:35:34,U0010,Reject Claim,"{""status"": ""success"", ""resource_id"": ""RES746""}",192.168.1.82
LOG000204,2026-01-29 03:55:34,U0004,Add User,"{""status"": ""success"", ""resource_id"": ""RES607""}",192.168.1.53
LOG000205,2026-02-19 21:18:34,U0010,Update Claim,"{""status"": ""success"", ""resource_id"": ""RES985""}",192.168.1.139
LOG000206,2025-12-28 21:38:34,U0001,Update Claim,"{""status"": ""success"", ""resource_id"": ""RES124""}",192.168.1.125
LOG000207,2026-02-26 10:17:34,U0005,Update Inventory,"{""status"": ""success"", ""resource_id"": ""RES577""}",192.168.1.66
LOG000208,2026-02-13 07:06:34,U0008,Update User,"{""status"": ""success"", ""resource_id"": ""RES922""}",192.168.1.21
LOG000209,2026-02-02 16:07:34,U0002,Export Report,"{""status"": ""success"", ""resource_id"": ""RES601""}",192.168.1.219
LOG000210,2026-01-10 17:32:34,U0006,Reject Claim,"{""status"": ""success"", ""resource_id"": ""RES381""}",192.168.1.169
LOG000211,2025-12-24 05:37:34,U0002,Add User,"{""status"": ""success"", ""resource_id"": ""RES693""}",192.168.1.168
LOG000212,2026-01-11 07:48:34,U0003,Logout,"{""status"": ""success"", ""resource_id"": ""RES231""}",192.168.1.188
LOG000213,2026-03-02 02:19:34,U0001,Export Report,"{""status"": ""success"", ""resource_id"": ""RES810""}",192.168.1.68
LOG000214,2026-01-04 05:41:34,U0009,Update Inventory,"{""status"": ""success"", ""resource_id"": ""RES123""}",192.168.1.184
LOG000215,2026-01-29 04:07:34,U0003,Export Report,"{""status"": ""success"", ""resource_id"": ""RES564""}",192.168.1.124
LOG000216,2026-02-14 09:19:34,U0009,Logout,"{""status"": ""success"", ""resource_id"": ""RES364""}",192.168.1.105
LOG000217,2026-03-09 19:01:34,U0006,Generate Letter,"{""status"": ""success"", ""resource_id"": ""RES945""}",192.168.1.75
LOG000218,2026-03-04 21:35:34,U0004,Generate Letter,"{""status"": ""success"", ""resource_id"": ""RES655""}",192.168.1.149
LOG000219,2026-03-05 11:46:34,U0009,Logout,"{""status"": ""success"", ""resource_id"": ""RES265""}",192.168.1.58
LOG000220,2026-01-28 08:46:34,U0006,Approve Claim,"{""status"": ""success"", ""resource_id"": ""RES971""}",192.168.1.214
LOG000221,2026-01-23 05:03:34,U0009,Approve Claim,"{""status"": ""success"", ""resource_id"": ""RES378""}",192.168.1.172
LOG000222,2026-01-08 23:40:34,U0001,Export Report,"{""status"": ""success"", ""resource_id"": ""RES394""}",192.168.1.236
LOG000223,2026-01-26 17:38:34,U0004,Export Report,"{""status"": ""success"", ""resource_id"": ""RES867""}",192.168.1.87
LOG000224,2025-12-24 22:18:34,U0006,Reject Claim,"{""status"": ""success"", ""resource_id"": ""RES999""}",192.168.1.147
LOG000225,2026-02-27 04:53:34,U0007,Create Claim,"{""status"": ""success"", ""resource_id"": ""RES104""}",192.168.1.144
LOG000226,2026-02-15 13:37:34,U0004,Create Claim,"{""status"": ""success"", ""resource_id"": ""RES457""}",192.168.1.111
LOG000227,2026-01-19 02:07:34,U0007,Update User,"{""status"": ""success"", ""resource_id"": ""RES154""}",192.168.1.123
LOG000228,2026-01-29 07:20:34,U0010,Update Inventory,"{""status"": ""success"", ""resource_id"": ""RES577""}",192.168.1.13
LOG000229,2026-01-27 02:40:34,U0005,Update Inventory,"{""status"": ""success"", ""resource_id"": ""RES383""}",192.168.1.58
LOG000230,2026-03-01 23:34:34,U0003,Update Inventory,"{""status"": ""success"", ""resource_id"": ""RES814""}",192.168.1.176
LOG000231,2026-02-04 04:14:34,U0005,Add User,"{""status"": ""success"", ""resource_id"": ""RES945""}",192.168.1.163
LOG000232,2025-12-11 07:50:34,U0002,Export Report,"{""status"": ""success"", ""resource_id"": ""RES989""}",192.168.1.6
LOG000233,2025-12-28 05:15:34,U0009,Logout,"{""status"": ""success"", ""resource_id"": ""RES682""}",192.168.1.73
LOG000234,2026-02-21 03:57:34,U0005,Update Inventory,"{""status"": ""success"", ""resource_id"": ""RES604""}",192.168.1.224
LOG000235,2025-12-26 11:51:34,U0003,Add Inventory,"{""status"": ""success"", ""resource_id"": ""RES415""}",192.168.1.82
LOG000236,2025-12-11 18:53:34,U0003,Delete Claim,"{""status"": ""success"", ""resource_id"": ""RES373""}",192.168.1.20
LOG000237,2026-02-13 09:38:34,U0002,Logout,"{""status"": ""success"", ""resource_id"": ""RES406""}",192.168.1.204
LOG000238,2026-02-11 15:58:34,U0009,Update Inventory,"{""status"": ""success"", ""resource_id"": ""RES319""}",192.168.1.29
LOG000239,2025-12-18 15:56:34,U0009,Update Inventory,"{""status"": ""success"", ""resource_id"": ""RES738""}",192.168.1.63
LOG000240,2026-01-24 12:09:34,U0001,Generate Letter,"{""status"": ""success"", ""resource_id"": ""RES928""}",192.168.1.12
LOG000241,2026-03-04 00:47:34,U0003,Delete Claim,"{""status"": ""success"", ""resource_id"": ""RES619""}",192.168.1.244
LOG000242,2025-12-27 03:40:34,U0004,Update User,"{""status"": ""success"", ""resource_id"": ""RES273""}",192.168.1.38
LOG000243,2026-01-04 06:22:34,U0008,Delete Claim,"{""status"": ""success"", ""resource_id"": ""RES287""}",192.168.1.76
LOG000244,2026-02-28 16:25:34,U0007,Delete Claim,"{""status"": ""success"", ""resource_id"": ""RES846""}",192.168.1.17
LOG000245,2025-12-14 16:06:34,U0008,Update Inventory,"{""status"": ""success"", ""resource_id"": ""RES149""}",192.168.1.171
LOG000246,2026-02-07 21:40:34,U0007,Update Inventory,"{""status"": ""success"", ""resource_id"": ""RES844""}",192.168.1.114
LOG000247,2026-03-08 11:35:34,U0006,Delete Claim,"{""status"": ""success"", ""resource_id"": ""RES891""}",192.168.1.234
LOG000248,2026-01-01 14:22:34,U0007,Reject Claim,"{""status"": ""success"", ""resource_id"": ""RES733""}",192.168.1.31
LOG000249,2026-02-04 14:19:34,U0003,Export Report,"{""status"": ""success"", ""resource_id"": ""RES166""}",192.168.1.189
LOG000250,2026-03-09 01:01:34,U0007,Create Claim,"{""status"": ""success"", ""resource_id"": ""RES444""}",192.168.1.7
LOG000251,2026-02-28 16:47:34,U0002,Login,"{""status"": ""success"", ""resource_id"": ""RES506""}",192.168.1.100
LOG000252,2025-12-11 09:34:34,U0002,Export Report,"{""status"": ""success"", ""resource_id"": ""RES401""}",192.168.1.16
LOG000253,2026-01-21 14:30:34,U0009,Add User,"{""status"": ""success"", ""resource_id"": ""RES318""}",192.168.1.69
LOG000254,2026-01-22 18:10:34,U0009,Update Inventory,"{""status"": ""success"", ""resource_id"": ""RES278""}",192.168.1.174
LOG000255,2026-01-26 06:41:34,U0001,Add Inventory,"{""status"": ""success"", ""resource_id"": ""RES387""}",192.168.1.78
LOG000256,2026-01-18 13:16:34,U0001,Delete Claim,"{""status"": ""success"", ""resource_id"": ""RES641""}",192.168.1.46
LOG000257,2025-12-09 08:42:34,U0006,Delete Claim,"{""status"": ""success"", ""resource_id"": ""RES447""}",192.168.1.244
LOG000258,2026-02-02 07:41:34,U0002,Generate Letter,"{""status"": ""success"", ""resource_id"": ""RES829""}",192.168.1.147
LOG000259,2026-02-28 00:14:34,U0010,Delete Claim,"{""status"": ""success"", ""resource_id"": ""RES703""}",192.168.1.16
LOG000260,2025-12-27 11:34:34,U0006,Approve Claim,"{""status"": ""success"", ""resource_id"": ""RES537""}",192.168.1.104
LOG000261,2026-03-02 09:11:34,U0008,Export Report,"{""status"": ""success"", ""resource_id"": ""RES519""}",192.168.1.69
LOG000262,2025-12-16 18:35:34,U0003,Generate Letter,"{""status"": ""success"", ""resource_id"": ""RES581""}",192.168.1.158
LOG000263,2026-01-04 20:30:34,U0007,Export Report,"{""status"": ""success"", ""resource_id"": ""RES134""}",192.168.1.117
LOG000264,2026-03-05 04:57:34,U0010,Login,"{""status"": ""success"", ""resource_id"": ""RES767""}",192.168.1.112
LOG000265,2026-02-18 13:56:34,U0002,Update Inventory,"{""status"": ""success"", ""resource_id"": ""RES746""}",192.168.1.52
LOG000266,2026-02-05 11:04:34,U0004,Add Inventory,"{""status"": ""success"", ""resource_id"": ""RES780""}",192.168.1.22
LOG000267,2026-02-18 03:09:34,U0008,Logout,"{""status"": ""success"", ""resource_id"": ""RES536""}",192.168.1.128
LOG000268,2026-02-12 07:06:34,U0005,Create Claim,"{""status"": ""success"", ""resource_id"": ""RES657""}",192.168.1.32
LOG000269,2026-03-02 05:08:34,U0001,Reject Claim,"{""status"": ""success"", ""resource_id"": ""RES163""}",192.168.1.7
LOG000270,2026-02-25 17:59:34,U0005,Generate Letter,"{""status"": ""success"", ""resource_id"": ""RES193""}",192.168.1.21
LOG000271,2025-12-31 08:09:34,U0007,Approve Claim,"{""status"": ""success"", ""resource_id"": ""RES954""}",192.168.1.249
LOG000272,2026-01-04 22:04:34,U0001,Add User,"{""status"": ""success"", ""resource_id"": ""RES962""}",192.168.1.78
LOG000273,2026-02-13 13:37:34,U0008,Export Report,"{""status"": ""success"", ""resource_id"": ""RES874""}",192.168.1.197
LOG000274,2026-01-08 09:14:34,U0009,Update User,"{""status"": ""success"", ""resource_id"": ""RES715""}",192.168.1.125
LOG000275,2026-02-02 10:35:34,U0002,Reject Claim,"{""status"": ""success"", ""resource_id"": ""RES848""}",192.168.1.124
LOG000276,2026-01-21 00:05:34,U0002,Add Inventory,"{""status"": ""success"", ""resource_id"": ""RES598""}",192.168.1.182
LOG000277,2026-02-20 17:15:34,U0001,Add Inventory,"{""status"": ""success"", ""resource_id"": ""RES606""}",192.168.1.65
LOG000278,2026-01-04 21:17:34,U0001,Export Report,"{""status"": ""success"", ""resource_id"": ""RES914""}",192.168.1.65
LOG000279,2026-03-09 08:36:34,U0005,Delete Claim,"{""status"": ""success"", ""resource_id"": ""RES653""}",192.168.1.125
LOG000280,2025-12-10 05:35:34,U0010,Add User,"{""status"": ""success"", ""resource_id"": ""RES989""}",192.168.1.92
LOG000281,2026-01-06 22:06:34,U0001,Update Inventory,"{""status"": ""success"", ""resource_id"": ""RES794""}",192.168.1.102
LOG000282,2025-12-19 05:02:34,U0010,Export Report,"{""status"": ""success"", ""resource_id"": ""RES912""}",192.168.1.40
LOG000283,2026-02-24 04:34:34,U0001,Update Claim,"{""status"": ""success"", ""resource_id"": ""RES368""}",192.168.1.217
LOG000284,2026-02-22 17:16:34,U0001,Add Inventory,"{""status"": ""success"", ""resource_id"": ""RES238""}",192.168.1.53
LOG000285,2026-01-01 07:33:34,U0009,Update Inventory,"{""status"": ""success"", ""resource_id"": ""RES195""}",192.168.1.109
LOG000286,2026-01-09 20:44:34,U0009,Update Inventory,"{""status"": ""success"", ""resource_id"": ""RES329""}",192.168.1.179
LOG000287,2026-02-03 01:02:34,U0003,Export Report,"{""status"": ""success"", ""resource_id"": ""RES673""}",192.168.1.104
LOG000288,2026-03-05 02:18:34,U0005,Add Inventory,"{""status"": ""success"", ""resource_id"": ""RES827""}",192.168.1.30
LOG000289,2026-01-16 10:32:34,U0001,Update User,"{""status"": ""success"", ""resource_id"": ""RES232""}",192.168.1.192
LOG000290,2026-02-19 07:53:34,U0009,Create Claim,"{""status"": ""success"", ""resource_id"": ""RES351""}",192.168.1.23
LOG000291,2026-02-06 05:06:34,U0001,Login,"{""status"": ""success"", ""resource_id"": ""RES458""}",192.168.1.53
LOG000292,2026-02-22 06:25:34,U0007,Delete Claim,"{""status"": ""success"", ""resource_id"": ""RES421""}",192.168.1.218
LOG000293,2026-01-02 12:41:34,U0006,Login,"{""status"": ""success"", ""resource_id"": ""RES164""}",192.168.1.157
LOG000294,2025-12-22 00:24:34,U0008,Export Report,"{""status"": ""success"", ""resource_id"": ""RES509""}",192.168.1.227
LOG000295,2026-01-24 03:07:34,U0005,Export Report,"{""status"": ""success"", ""resource_id"": ""RES570""}",192.168.1.243
LOG000296,2026-02-17 18:31:34,U0005,Update Inventory,"{""status"": ""success"", ""resource_id"": ""RES331""}",192.168.1.203
LOG000297,2025-12-19 20:14:34,U0007,Approve Claim,"{""status"": ""success"", ""resource_id"": ""RES860""}",192.168.1.209
LOG000298,2026-01-22 22:30:34,U0004,Approve Claim,"{""status"": ""success"", ""resource_id"": ""RES351""}",192.168.1.94
LOG000299,2025-12-30 03:59:34,U0002,Update User,"{""status"": ""success"", ""resource_id"": ""RES539""}",192.168.1.210
LOG000300,2026-01-15 08:25:34,U0008,Add Inventory,"{""status"": ""success"", ""resource_id"": ""RES876""}",192.168.1.160
LOG000301,2025-12-25 13:37:34,U0010,Add Inventory,"{""status"": ""success"", ""resource_id"": ""RES913""}",192.168.1.212
LOG000302,2026-02-04 18:20:34,U0001,Update Inventory,"{""status"": ""success"", ""resource_id"": ""RES402""}",192.168.1.229
LOG000303,2026-02-02 02:05:34,U0002,Logout,"{""status"": ""success"", ""resource_id"": ""RES654""}",192.168.1.174
LOG000304,2026-02-23 11:26:34,U0002,Add User,"{""status"": ""success"", ""resource_id"": ""RES238""}",192.168.1.95
LOG000305,2026-02-13 17:25:34,U0010,Update Inventory,"{""status"": ""success"", ""resource_id"": ""RES839""}",192.168.1.179
LOG000306,2026-01-12 06:25:34,U0004,Logout,"{""status"": ""success"", ""resource_id"": ""RES591""}",192.168.1.145
LOG000307,2026-02-23 08:25:34,U0009,Generate Letter,"{""status"": ""success"", ""resource_id"": ""RES951""}",192.168.1.177
LOG000308,2026-02-17 20:03:34,U0001,Update Claim,"{""status"": ""success"", ""resource_id"": ""RES662""}",192.168.1.233
LOG000309,2026-02-08 08:47:34,U0001,Logout,"{""status"": ""success"", ""resource_id"": ""RES174""}",192.168.1.116
LOG000310,2026-01-29 23:36:34,U0003,Reject Claim,"{""status"": ""success"", ""resource_id"": ""RES672""}",192.168.1.108
LOG000311,2026-02-26 19:29:34,U0009,Reject Claim,"{""status"": ""success"", ""resource_id"": ""RES156""}",192.168.1.212
LOG000312,2026-01-11 21:46:34,U0003,Add User,"{""status"": ""success"", ""resource_id"": ""RES743""}",192.168.1.165
LOG000313,2026-01-12 22:25:34,U0003,Delete Claim,"{""status"": ""success"", ""resource_id"": ""RES887""}",192.168.1.217
LOG000314,2026-02-03 00:48:34,U0004,Update Inventory,"{""status"": ""success"", ""resource_id"": ""RES709""}",192.168.1.57
LOG000315,2026-01-23 16:43:34,U0006,Export Report,"{""status"": ""success"", ""resource_id"": ""RES564""}",192.168.1.125
LOG000316,2026-01-25 03:58:34,U0003,Generate Letter,"{""status"": ""success"", ""resource_id"": ""RES599""}",192.168.1.144
LOG000317,2026-02-15 08:12:34,U0007,Reject Claim,"{""status"": ""success"", ""resource_id"": ""RES296""}",192.168.1.239
LOG000318,2026-03-02 04:40:34,U0010,Approve Claim,"{""status"": ""success"", ""resource_id"": ""RES845""}",192.168.1.145
LOG000319,2026-02-06 22:18:34,U0006,Delete Claim,"{""status"": ""success"", ""resource_id"": ""RES346""}",192.168.1.94
LOG000320,2026-02-14 23:04:34,U0007,Logout,"{""status"": ""success"", ""resource_id"": ""RES109""}",192.168.1.64
LOG000321,2026-01-05 01:21:34,U0006,Update Inventory,"{""status"": ""success"", ""resource_id"": ""RES937""}",192.168.1.209
LOG000322,2026-02-12 01:56:34,U0004,Add User,"{""status"": ""success"", ""resource_id"": ""RES854""}",192.168.1.39
LOG000323,2026-01-28 11:15:34,U0007,Delete Claim,"{""status"": ""success"", ""resource_id"": ""RES254""}",192.168.1.152
LOG000324,2025-12-18 10:52:34,U0009,Logout,"{""status"": ""success"", ""resource_id"": ""RES677""}",192.168.1.179
LOG000325,2026-01-28 01:58:34,U0001,Add User,"{""status"": ""success"", ""resource_id"": ""RES411""}",192.168.1.208
LOG000326,2026-02-16 00:09:34,U0003,Delete Claim,"{""status"": ""success"", ""resource_id"": ""RES519""}",192.168.1.219
LOG000327,2026-01-30 00:13:34,U0002,Logout,"{""status"": ""success"", ""resource_id"": ""RES640""}",192.168.1.127
LOG000328,2026-03-08 22:05:34,U0003,Generate Letter,"{""status"": ""success"", ""resource_id"": ""RES760""}",192.168.1.20
LOG000329,2025-12-27 11:25:34,U0009,Export Report,"{""status"": ""success"", ""resource_id"": ""RES268""}",192.168.1.254
LOG000330,2026-02-20 00:50:34,U0003,Update User,"{""status"": ""success"", ""resource_id"": ""RES391""}",192.168.1.142
LOG000331,2026-01-16 10:55:34,U0007,Logout,"{""status"": ""success"", ""resource_id"": ""RES529""}",192.168.1.146
LOG000332,2026-02-05 08:57:34,U0005,Add Inventory,"{""status"": ""success"", ""resource_id"": ""RES415""}",192.168.1.236
LOG000333,2026-01-17 21:43:34,U0002,Update Claim,"{""status"": ""success"", ""resource_id"": ""RES729""}",192.168.1.182
LOG000334,2025-12-22 16:15:34,U0001,Add User,"{""status"": ""success"", ""resource_id"": ""RES282""}",192.168.1.49
LOG000335,2026-01-30 18:24:34,U0002,Delete Claim,"{""status"": ""success"", ""resource_id"": ""RES651""}",192.168.1.82
LOG000336,2026-01-26 20:37:34,U0007,Delete Claim,"{""status"": ""success"", ""resource_id"": ""RES323""}",192.168.1.59
LOG000337,2026-01-15 10:22:34,U0007,Update User,"{""status"": ""success"", ""resource_id"": ""RES336""}",192.168.1.157
LOG000338,2026-01-10 01:02:34,U0001,Generate Letter,"{""status"": ""success"", ""resource_id"": ""RES921""}",192.168.1.2
LOG000339,2026-01-22 15:55:34,U0010,Update Inventory,"{""status"": ""success"", ""resource_id"": ""RES436""}",192.168.1.159
LOG000340,2026-02-12 16:31:34,U0005,Update Claim,"{""status"": ""success"", ""resource_id"": ""RES841""}",192.168.1.87
LOG000341,2026-01-30 14:26:34,U0007,Update User,"{""status"": ""success"", ""resource_id"": ""RES628""}",192.168.1.184
LOG000342,2026-02-21 05:47:34,U0001,Create Claim,"{""status"": ""success"", ""resource_id"": ""RES687""}",192.168.1.248
LOG000343,2025-12-11 17:33:34,U0010,Approve Claim,"{""status"": ""success"", ""resource_id"": ""RES690""}",192.168.1.166
LOG000344,2025-12-11 11:38:34,U0001,Update User,"{""status"": ""success"", ""resource_id"": ""RES105""}",192.168.1.111
LOG000345,2026-01-15 04:20:34,U0007,Add User,"{""status"": ""success"", ""resource_id"": ""RES851""}",192.168.1.88
LOG000346,2026-01-07 22:36:34,U0001,Approve Claim,"{""status"": ""success"", ""resource_id"": ""RES447""}",192.168.1.17
LOG000347,2026-03-06 05:42:34,U0004,Update User,"{""status"": ""success"", ""resource_id"": ""RES395""}",192.168.1.132
LOG000348,2026-01-03 04:20:34,U0010,Update Inventory,"{""status"": ""success"", ""resource_id"": ""RES539""}",192.168.1.224
LOG000349,2026-03-05 08:07:34,U0006,Export Report,"{""status"": ""success"", ""resource_id"": ""RES993""}",192.168.1.165
LOG000350,2025-12-31 07:32:34,U0010,Reject Claim,"{""status"": ""success"", ""resource_id"": ""RES609""}",192.168.1.158
LOG000351,2025-12-10 21:14:34,U0003,Approve Claim,"{""status"": ""success"", ""resource_id"": ""RES323""}",192.168.1.155
LOG000352,2026-01-01 22:42:34,U0003,Add Inventory,"{""status"": ""success"", ""resource_id"": ""RES398""}",192.168.1.15
LOG000353,2025-12-14 12:17:34,U0002,Delete Claim,"{""status"": ""success"", ""resource_id"": ""RES763""}",192.168.1.189
LOG000354,2025-12-25 03:19:34,U0001,Generate Letter,"{""status"": ""success"", ""resource_id"": ""RES670""}",192.168.1.42
LOG000355,2026-02-14 22:28:34,U0010,Login,"{""status"": ""success"", ""resource_id"": ""RES489""}",192.168.1.208
LOG000356,2026-02-08 01:32:34,U0003,Approve Claim,"{""status"": ""success"", ""resource_id"": ""RES170""}",192.168.1.53
LOG000357,2026-02-18 00:48:34,U0005,Generate Letter,"{""status"": ""success"", ""resource_id"": ""RES702""}",192.168.1.120
LOG000358,2025-12-26 02:50:34,U0001,Login,"{""status"": ""success"", ""resource_id"": ""RES982""}",192.168.1.139
LOG000359,2025-12-25 00:54:34,U0008,Add Inventory,"{""status"": ""success"", ""resource_id"": ""RES556""}",192.168.1.155
LOG000360,2025-12-21 01:12:34,U0004,Generate Letter,"{""status"": ""success"", ""resource_id"": ""RES608""}",192.168.1.181
LOG000361,2026-02-18 10:15:34,U0002,Login,"{""status"": ""success"", ""resource_id"": ""RES603""}",192.168.1.102
LOG000362,2026-01-18 03:04:34,U0010,Update Claim,"{""status"": ""success"", ""resource_id"": ""RES732""}",192.168.1.188
LOG000363,2026-01-13 16:44:34,U0007,Generate Letter,"{""status"": ""success"", ""resource_id"": ""RES113""}",192.168.1.47
LOG000364,2026-02-17 03:40:34,U0001,Reject Claim,"{""status"": ""success"", ""resource_id"": ""RES318""}",192.168.1.165
LOG000365,2026-03-08 21:43:34,U0005,Update Inventory,"{""status"": ""success"", ""resource_id"": ""RES267""}",192.168.1.9
LOG000366,2026-01-10 21:51:34,U0008,Add User,"{""status"": ""success"", ""resource_id"": ""RES199""}",192.168.1.98
LOG000367,2026-02-10 03:58:34,U0002,Update Claim,"{""status"": ""success"", ""resource_id"": ""RES509""}",192.168.1.247
LOG000368,2026-01-28 13:01:34,U0009,Generate Letter,"{""status"": ""success"", ""resource_id"": ""RES945""}",192.168.1.248
LOG000369,2026-02-07 22:13:34,U0008,Approve Claim,"{""status"": ""success"", ""resource_id"": ""RES957""}",192.168.1.149
LOG000370,2025-12-16 20:28:34,U0001,Update User,"{""status"": ""success"", ""resource_id"": ""RES314""}",192.168.1.126
LOG000371,2025-12-24 13:08:34,U0004,Add Inventory,"{""status"": ""success"", ""resource_id"": ""RES613""}",192.168.1.30
LOG000372,2026-02-03 21:17:34,U0005,Delete Claim,"{""status"": ""success"", ""resource_id"": ""RES421""}",192.168.1.144
LOG000373,2026-02-04 15:37:34,U0002,Add User,"{""status"": ""success"", ""resource_id"": ""RES165""}",192.168.1.172
LOG000374,2026-02-17 03:50:34,U0002,Logout,"{""status"": ""success"", ""resource_id"": ""RES737""}",192.168.1.236
LOG000375,2026-01-14 04:48:34,U0003,Update Inventory,"{""status"": ""success"", ""resource_id"": ""RES565""}",192.168.1.176
LOG000376,2026-01-19 06:00:34,U0002,Approve Claim,"{""status"": ""success"", ""resource_id"": ""RES283""}",192.168.1.246
LOG000377,2026-03-04 16:39:34,U0008,Login,"{""status"": ""success"", ""resource_id"": ""RES707""}",192.168.1.54
LOG000378,2025-12-16 07:34:34,U0001,Logout,"{""status"": ""success"", ""resource_id"": ""RES317""}",192.168.1.31
LOG000379,2026-01-30 13:08:34,U0006,Update Inventory,"{""status"": ""success"", ""resource_id"": ""RES463""}",192.168.1.116
LOG000380,2026-02-27 00:02:34,U0004,Login,"{""status"": ""success"", ""resource_id"": ""RES816""}",192.168.1.66
LOG000381,2026-02-18 00:20:34,U0008,Update User,"{""status"": ""success"", ""resource_id"": ""RES534""}",192.168.1.165
LOG000382,2026-01-23 04:02:34,U0001,Generate Letter,"{""status"": ""success"", ""resource_id"": ""RES120""}",192.168.1.100
LOG000383,2026-03-05 19:47:34,U0006,Add User,"{""status"": ""success"", ""resource_id"": ""RES681""}",192.168.1.220
LOG000384,2026-02-22 13:00:34,U0002,Approve Claim,"{""status"": ""success"", ""resource_id"": ""RES713""}",192.168.1.90
LOG000385,2026-01-20 10:44:34,U0008,Generate Letter,"{""status"": ""success"", ""resource_id"": ""RES635""}",192.168.1.44
LOG000386,2026-01-22 05:10:34,U0003,Reject Claim,"{""status"": ""success"", ""resource_id"": ""RES953""}",192.168.1.198
LOG000387,2026-02-21 20:33:34,U0007,Update Claim,"{""status"": ""success"", ""resource_id"": ""RES691""}",192.168.1.110
LOG000388,2026-02-13 06:51:34,U0004,Logout,"{""status"": ""success"", ""resource_id"": ""RES494""}",192.168.1.64
LOG000389,2026-01-10 06:29:34,U0007,Reject Claim,"{""status"": ""success"", ""resource_id"": ""RES529""}",192.168.1.75
LOG000390,2026-02-26 19:05:34,U0001,Update Inventory,"{""status"": ""success"", ""resource_id"": ""RES780""}",192.168.1.168
LOG000391,2026-02-19 12:17:34,U0002,Logout,"{""status"": ""success"", ""resource_id"": ""RES252""}",192.168.1.41
LOG000392,2025-12-24 00:09:34,U0004,Reject Claim,"{""status"": ""success"", ""resource_id"": ""RES705""}",192.168.1.182
LOG000393,2025-12-22 02:32:34,U0008,Update Inventory,"{""status"": ""success"", ""resource_id"": ""RES373""}",192.168.1.244
LOG000394,2026-02-10 22:24:34,U0003,Export Report,"{""status"": ""success"", ""resource_id"": ""RES121""}",192.168.1.75
LOG000395,2026-01-25 14:39:34,U0006,Approve Claim,"{""status"": ""success"", ""resource_id"": ""RES608""}",192.168.1.19
LOG000396,2026-01-30 11:10:34,U0008,Add Inventory,"{""status"": ""success"", ""resource_id"": ""RES509""}",192.168.1.138
LOG000397,2026-02-27 04:32:34,U0008,Update Claim,"{""status"": ""success"", ""resource_id"": ""RES375""}",192.168.1.143
LOG000398,2026-01-17 11:26:34,U0008,Login,"{""status"": ""success"", ""resource_id"": ""RES604""}",192.168.1.179
LOG000399,2025-12-14 20:04:34,U0007,Update User,"{""status"": ""success"", ""resource_id"": ""RES130""}",192.168.1.114
LOG000400,2026-02-10 15:51:34,U0006,Generate Letter,"{""status"": ""success"", ""resource_id"": ""RES124""}",192.168.1.45
LOG000401,2026-01-18 15:34:34,U0002,Update Claim,"{""status"": ""success"", ""resource_id"": ""RES268""}",192.168.1.222
LOG000402,2025-12-11 17:03:34,U0002,Add Inventory,"{""status"": ""success"", ""resource_id"": ""RES830""}",192.168.1.143
LOG000403,2026-02-21 02:15:34,U0004,Reject Claim,"{""status"": ""success"", ""resource_id"": ""RES717""}",192.168.1.101
LOG000404,2026-02-05 23:58:34,U0004,Create Claim,"{""status"": ""success"", ""resource_id"": ""RES145""}",192.168.1.123
LOG000405,2025-12-18 13:59:34,U0006,Approve Claim,"{""status"": ""success"", ""resource_id"": ""RES751""}",192.168.1.210
LOG000406,2026-02-06 21:06:34,U0007,Export Report,"{""status"": ""success"", ""resource_id"": ""RES612""}",192.168.1.210
LOG000407,2026-01-26 05:09:34,U0009,Add User,"{""status"": ""success"", ""resource_id"": ""RES240""}",192.168.1.251
LOG000408,2026-02-14 18:20:34,U0007,Approve Claim,"{""status"": ""success"", ""resource_id"": ""RES613""}",192.168.1.83
LOG000409,2025-12-21 21:03:34,U0004,Delete Claim,"{""status"": ""success"", ""resource_id"": ""RES503""}",192.168.1.99
LOG000410,2026-01-31 15:43:34,U0007,Approve Claim,"{""status"": ""success"", ""resource_id"": ""RES845""}",192.168.1.203
LOG000411,2026-02-13 17:00:34,U0008,Update Claim,"{""status"": ""success"", ""resource_id"": ""RES155""}",192.168.1.102
LOG000412,2026-01-05 22:44:34,U0008,Add Inventory,"{""status"": ""success"", ""resource_id"": ""RES947""}",192.168.1.83
LOG000413,2025-12-11 05:24:34,U0010,Export Report,"{""status"": ""success"", ""resource_id"": ""RES198""}",192.168.1.219
LOG000414,2026-01-13 20:19:34,U0007,Logout,"{""status"": ""success"", ""resource_id"": ""RES802""}",192.168.1.251
LOG000415,2026-02-10 19:49:34,U0003,Create Claim,"{""status"": ""success"", ""resource_id"": ""RES513""}",192.168.1.205
LOG000416,2025-12-20 19:08:34,U0005,Approve Claim,"{""status"": ""success"", ""resource_id"": ""RES701""}",192.168.1.162
LOG000417,2026-01-20 04:29:34,U0003,Create Claim,"{""status"": ""success"", ""resource_id"": ""RES674""}",192.168.1.254
LOG000418,2026-01-09 16:50:34,U0002,Export Report,"{""status"": ""success"", ""resource_id"": ""RES159""}",192.168.1.206
LOG000419,2026-01-24 06:26:34,U0001,Update Inventory,"{""status"": ""success"", ""resource_id"": ""RES268""}",192.168.1.24
LOG000420,2026-03-04 03:58:34,U0002,Reject Claim,"{""status"": ""success"", ""resource_id"": ""RES550""}",192.168.1.16
LOG000421,2026-01-23 12:56:34,U0001,Add User,"{""status"": ""success"", ""resource_id"": ""RES969""}",192.168.1.66
LOG000422,2026-02-06 07:23:34,U0008,Add User,"{""status"": ""success"", ""resource_id"": ""RES483""}",192.168.1.252
LOG000423,2026-01-17 12:42:34,U0001,Update Claim,"{""status"": ""success"", ""resource_id"": ""RES996""}",192.168.1.160
LOG000424,2026-02-26 15:31:34,U0001,Reject Claim,"{""status"": ""success"", ""resource_id"": ""RES774""}",192.168.1.61
LOG000425,2026-02-01 22:44:34,U0008,Login,"{""status"": ""success"", ""resource_id"": ""RES477""}",192.168.1.235
LOG000426,2025-12-21 18:36:34,U0007,Generate Letter,"{""status"": ""success"", ""resource_id"": ""RES234""}",192.168.1.21
LOG000427,2026-02-09 08:57:34,U0010,Delete Claim,"{""status"": ""success"", ""resource_id"": ""RES331""}",192.168.1.178
LOG000428,2025-12-25 16:39:34,U0006,Generate Letter,"{""status"": ""success"", ""resource_id"": ""RES293""}",192.168.1.201
LOG000429,2026-03-08 08:37:34,U0009,Approve Claim,"{""status"": ""success"", ""resource_id"": ""RES918""}",192.168.1.190
LOG000430,2026-02-05 07:12:34,U0005,Update Claim,"{""status"": ""success"", ""resource_id"": ""RES544""}",192.168.1.196
LOG000431,2026-02-18 09:47:34,U0008,Add User,"{""status"": ""success"", ""resource_id"": ""RES155""}",192.168.1.97
LOG000432,2026-03-03 06:17:34,U0001,Add Inventory,"{""status"": ""success"", ""resource_id"": ""RES293""}",192.168.1.59
LOG000433,2026-01-09 09:57:34,U0010,Generate Letter,"{""status"": ""success"", ""resource_id"": ""RES503""}",192.168.1.249
LOG000434,2025-12-10 05:31:34,U0001,Approve Claim,"{""status"": ""success"", ""resource_id"": ""RES916""}",192.168.1.43
LOG000435,2026-01-29 22:40:34,U0001,Approve Claim,"{""status"": ""success"", ""resource_id"": ""RES809""}",192.168.1.152
LOG000436,2025-12-14 16:13:34,U0008,Add User,"{""status"": ""success"", ""resource_id"": ""RES594""}",192.168.1.95
LOG000437,2026-02-18 04:19:34,U0005,Logout,"{""status"": ""success"", ""resource_id"": ""RES470""}",192.168.1.142
LOG000438,2026-01-07 02:03:34,U0009,Export Report,"{""status"": ""success"", ""resource_id"": ""RES541""}",192.168.1.79
LOG000439,2025-12-10 10:21:34,U0002,Logout,"{""status"": ""success"", ""resource_id"": ""RES677""}",192.168.1.241
LOG000440,2026-02-03 06:01:34,U0003,Add User,"{""status"": ""success"", ""resource_id"": ""RES918""}",192.168.1.238
LOG000441,2025-12-28 09:37:34,U0007,Add User,"{""status"": ""success"", ""resource_id"": ""RES793""}",192.168.1.19
LOG000442,2026-01-27 23:05:34,U0006,Delete Claim,"{""status"": ""success"", ""resource_id"": ""RES475""}",192.168.1.113
LOG000443,2026-02-01 11:06:34,U0002,Update User,"{""status"": ""success"", ""resource_id"": ""RES366""}",192.168.1.180
LOG000444,2026-01-24 22:57:34,U0006,Update Claim,"{""status"": ""success"", ""resource_id"": ""RES162""}",192.168.1.97
LOG000445,2026-02-07 10:17:34,U0005,Generate Letter,"{""status"": ""success"", ""resource_id"": ""RES524""}",192.168.1.174
LOG000446,2026-02-18 03:18:34,U0005,Export Report,"{""status"": ""success"", ""resource_id"": ""RES441""}",192.168.1.188
LOG000447,2026-02-26 16:36:34,U0002,Update Claim,"{""status"": ""success"", ""resource_id"": ""RES392""}",192.168.1.177
LOG000448,2026-02-03 12:16:34,U0010,Add Inventory,"{""status"": ""success"", ""resource_id"": ""RES850""}",192.168.1.188
LOG000449,2025-12-27 11:49:34,U0010,Update Claim,"{""status"": ""success"", ""resource_id"": ""RES629""}",192.168.1.62
LOG000450,2026-01-10 11:09:34,U0005,Delete Claim,"{""status"": ""success"", ""resource_id"": ""RES902""}",192.168.1.243
LOG000451,2025-12-28 15:55:34,U0008,Create Claim,"{""status"": ""success"", ""resource_id"": ""RES152""}",192.168.1.230
LOG000452,2026-01-07 04:36:34,U0008,Add Inventory,"{""status"": ""success"", ""resource_id"": ""RES419""}",192.168.1.197
LOG000453,2025-12-21 04:29:34,U0006,Create Claim,"{""status"": ""success"", ""resource_id"": ""RES217""}",192.168.1.86
LOG000454,2026-03-04 05:07:34,U0009,Update User,"{""status"": ""success"", ""resource_id"": ""RES262""}",192.168.1.47
LOG000455,2025-12-09 08:25:34,U0009,Login,"{""status"": ""success"", ""resource_id"": ""RES337""}",192.168.1.144
LOG000456,2025-12-19 15:43:34,U0007,Delete Claim,"{""status"": ""success"", ""resource_id"": ""RES675""}",192.168.1.214
LOG000457,2026-02-28 19:12:34,U0004,Logout,"{""status"": ""success"", ""resource_id"": ""RES538""}",192.168.1.132
LOG000458,2026-01-04 20:55:34,U0002,Add Inventory,"{""status"": ""success"", ""resource_id"": ""RES171""}",192.168.1.224
LOG000459,2026-01-15 03:04:34,U0009,Create Claim,"{""status"": ""success"", ""resource_id"": ""RES355""}",192.168.1.152
LOG000460,2026-01-04 09:16:34,U0008,Reject Claim,"{""status"": ""success"", ""resource_id"": ""RES870""}",192.168.1.124
LOG000461,2026-01-18 01:23:34,U0006,Update Claim,"{""status"": ""success"", ""resource_id"": ""RES735""}",192.168.1.101
LOG000462,2026-02-25 18:07:34,U0005,Update User,"{""status"": ""success"", ""resource_id"": ""RES658""}",192.168.1.47
LOG000463,2026-01-12 09:21:34,U0002,Delete Claim,"{""status"": ""success"", ""resource_id"": ""RES577""}",192.168.1.49
LOG000464,2025-12-26 02:16:34,U0009,Reject Claim,"{""status"": ""success"", ""resource_id"": ""RES393""}",192.168.1.22
LOG000465,2026-01-15 23:51:34,U0009,Reject Claim,"{""status"": ""success"", ""resource_id"": ""RES293""}",192.168.1.142
LOG000466,2026-02-25 01:19:34,U0007,Export Report,"{""status"": ""success"", ""resource_id"": ""RES155""}",192.168.1.205
LOG000467,2026-01-22 01:56:34,U0007,Approve Claim,"{""status"": ""success"", ""resource_id"": ""RES424""}",192.168.1.37
LOG000468,2025-12-11 05:50:34,U0004,Add Inventory,"{""status"": ""success"", ""resource_id"": ""RES840""}",192.168.1.219
LOG000469,2025-12-24 12:22:34,U0010,Create Claim,"{""status"": ""success"", ""resource_id"": ""RES681""}",192.168.1.153
LOG000470,2026-01-14 12:30:34,U0001,Create Claim,"{""status"": ""success"", ""resource_id"": ""RES799""}",192.168.1.172
LOG000471,2026-01-12 23:46:34,U0003,Update Inventory,"{""status"": ""success"", ""resource_id"": ""RES690""}",192.168.1.49
LOG000472,2025-12-22 21:18:34,U0006,Approve Claim,"{""status"": ""success"", ""resource_id"": ""RES206""}",192.168.1.145
LOG000473,2025-12-21 21:54:34,U0002,Update Inventory,"{""status"": ""success"", ""resource_id"": ""RES900""}",192.168.1.89
LOG000474,2026-03-04 14:56:34,U0010,Generate Letter,"{""status"": ""success"", ""resource_id"": ""RES483""}",192.168.1.72
LOG000475,2026-02-23 05:13:34,U0010,Generate Letter,"{""status"": ""success"", ""resource_id"": ""RES268""}",192.168.1.57
LOG000476,2026-01-29 13:09:34,U0003,Approve Claim,"{""status"": ""success"", ""resource_id"": ""RES811""}",192.168.1.189
LOG000477,2026-03-01 13:34:34,U0010,Approve Claim,"{""status"": ""success"", ""resource_id"": ""RES132""}",192.168.1.195
LOG000478,2026-02-11 14:33:34,U0004,Add Inventory,"{""status"": ""success"", ""resource_id"": ""RES311""}",192.168.1.196
LOG000479,2026-01-14 22:26:34,U0005,Login,"{""status"": ""success"", ""resource_id"": ""RES212""}",192.168.1.93
LOG000480,2025-12-24 02:26:34,U0006,Add User,"{""status"": ""success"", ""resource_id"": ""RES993""}",192.168.1.94
LOG000481,2026-01-15 00:21:34,U0004,Reject Claim,"{""status"": ""success"", ""resource_id"": ""RES258""}",192.168.1.78
LOG000482,2026-02-20 13:53:34,U0006,Add User,"{""status"": ""success"", ""resource_id"": ""RES873""}",192.168.1.194
LOG000483,2026-01-04 18:19:34,U0004,Add Inventory,"{""status"": ""success"", ""resource_id"": ""RES927""}",192.168.1.99
LOG000484,2026-01-02 10:33:34,U0008,Add User,"{""status"": ""success"", ""resource_id"": ""RES702""}",192.168.1.70
LOG000485,2026-01-16 18:09:34,U0001,Approve Claim,"{""status"": ""success"", ""resource_id"": ""RES306""}",192.168.1.158
LOG000486,2026-01-22 11:04:34,U0008,Generate Letter,"{""status"": ""success"", ""resource_id"": ""RES638""}",192.168.1.246
LOG000487,2025-12-16 10:48:34,U0003,Add User,"{""status"": ""success"", ""resource_id"": ""RES411""}",192.168.1.69
LOG000488,2025-12-11 23:28:34,U0002,Update Inventory,"{""status"": ""success"", ""resource_id"": ""RES150""}",192.168.1.49
LOG000489,2025-12-10 06:22:34,U0004,Update Inventory,"{""status"": ""success"", ""resource_id"": ""RES787""}",192.168.1.13
LOG000490,2026-03-09 14:13:34,U0007,Create Claim,"{""status"": ""success"", ""resource_id"": ""RES636""}",192.168.1.46
LOG000491,2026-01-05 11:36:34,U0009,Create Claim,"{""status"": ""success"", ""resource_id"": ""RES323""}",192.168.1.39
LOG000492,2026-01-05 05:37:34,U0005,Add User,"{""status"": ""success"", ""resource_id"": ""RES784""}",192.168.1.34
LOG000493,2026-02-27 01:19:34,U0001,Generate Letter,"{""status"": ""success"", ""resource_id"": ""RES479""}",192.168.1.28
LOG000494,2026-01-18 14:52:34,U0001,Update Claim,"{""status"": ""success"", ""resource_id"": ""RES124""}",192.168.1.183
LOG000495,2026-01-16 00:27:34,U0003,Add Inventory,"{""status"": ""success"", ""resource_id"": ""RES944""}",192.168.1.188
LOG000496,2025-12-12 16:08:34,U0005,Add Inventory,"{""status"": ""success"", ""resource_id"": ""RES145""}",192.168.1.112
LOG000497,2026-03-05 06:40:34,U0004,Generate Letter,"{""status"": ""success"", ""resource_id"": ""RES237""}",192.168.1.95
LOG000498,2026-01-07 23:16:34,U0007,Approve Claim,"{""status"": ""success"", ""resource_id"": ""RES706""}",192.168.1.119
LOG000499,2025-12-19 20:11:34,U0010,Update Inventory,"{""status"": ""success"", ""resource_id"": ""RES354""}",192.168.1.200
LOG000500,2026-02-25 10:51:34,U0001,Generate Letter,"{""status"": ""success"", ""resource_id"": ""RES484""}",192.168.1.183
LOG000501,2026-03-09 23:55:55,U0001,Login,"{""status"": ""success""}",127.0.0.1
